Rank,Feature,Reach,Impact,Confidence,Effort,RICE_Score,MVP,Rationale
1,Publish to TastyTube,5,5,5,2,62.50,Yes,"Highest direct value: it turns completed edits into published videos on the first-party platform, which is the clearest path to user value and business impact."
2,Specify dataset,4,4,5,2,40.00,Yes,"A clean training set is a prerequisite for every downstream ML workflow, so it deserves early priority despite being invisible to end users."
3,Select and instruct labeling team,4,4,5,2,40.00,Yes,"Annotation setup is a foundational dependency for supervised model quality and has strong execution confidence with manageable effort."
4,Generate video captions,5,4,4,3,26.67,Yes,"Caption generation removes a major creator bottleneck and improves both accessibility and video quality for most users most of the time."
5,Create app to edit the clips and text,5,5,4,4,25.00,Yes,"The editing surface is essential because creators need to review, correct, and finalize AI outputs before publishing."
6,Generate video title, video description, and recipe summary,4,4,4,3,21.33,Yes,"Metadata generation cuts posting friction and improves discoverability while still allowing the creator to edit outputs."
7,Prepare data: Split videos into clips,4,4,4,4,16.00,Yes,"Clip-level segmentation data is required to train the most important automation in the MVP: turning raw cooking footage into recipe steps."
8,Prepare data: Apply labels,4,4,4,4,16.00,Yes,"High-quality semantic labels are required for meaningful AI assistance in captions, recipes, and later classification workflows."
9,Build ML model to clip video into individual recipe steps,4,5,3,4,15.00,Yes,"This is the core automation leap in the product. Confidence is moderate because of model difficulty, but it is too central to exclude from MVP."
10,Conduct exploratory user research,3,2,4,3,8.00,No,"Important risk-reduction work, but excluded from the formal MVP list to stay within the assignment cap. In practice it should still happen before launch."
11,Conduct usability testing,3,2,4,3,8.00,No,"Also critical for launch quality, but excluded from the formal MVP feature count to preserve a ruthless, cap-compliant scope."
12,Build ML model to classify recipe steps,3,3,3,4,6.75,No,"Helpful enhancement, but the MVP can still provide strong value with segmentation, captions, metadata generation, and manual editing controls."
13,Publish to YouVideo,2,2,3,2,6.00,No,"Cross-platform publishing has value, but it is not required to prove the core TastyTube creation loop in the first release."
14,Publish to TikTak,2,2,3,2,6.00,No,"Deferred to reduce launch complexity and keep the team focused on the first-party publishing workflow."
15,Publish to Fastgram,2,2,3,2,6.00,No,"Same rationale as other external publishing targets: useful, but not essential to the MVP value path."
16,Create Recipe Library,2,2,3,3,4.00,No,"A good onboarding aid, but secondary to getting the core creation workflow working reliably."
17,Translate into other languages,2,3,3,5,3.60,No,"Strategically attractive, but too costly and too dependent on high-quality source outputs for the first launch."
18,Build Extensions API,1,2,2,5,0.80,No,"Platform extensibility is a long-term investment rather than a first-release necessity."